Scenario,Sent,Received,PDR_%,RSSI_avg,Metric_avg
Meme_piece,30,30,100.0,-57.685680474507464,168.8
Piece_adjacente,30,30,100.0,-71.25332089305942,114.4
2_pieces,30,30,100.0,-82.10598923524125,71.1
Etage_different,30,30,100.0,-91.65107731018838,32.833333333333336
